序号,原文件名,缩略图文件名,拍摄时间,时间来源,宽度,高度
1,P1024-210906.JPG,001_P1024-210906.jpg,2020-10-24 21:09:06,文件时间,1080,1440
2,IMG_0880.JPG,002_IMG_0880.jpg,2022-01-20 16:46:34,文件时间,1600,1067
3,IMG_0898.JPG,003_IMG_0898.jpg,2022-01-20 17:01:44,文件时间,1600,1067
4,IMG_0972.JPG,004_IMG_0972.jpg,2022-01-21 15:10:54,文件时间,1600,1067
5,IMG_1041.JPG,005_IMG_1041.jpg,2022-01-21 15:51:02,文件时间,1600,1067
6,IMG_1074.JPG,006_IMG_1074.jpg,2022-01-21 16:02:44,文件时间,1600,1067
7,IMG_1103.JPG,007_IMG_1103.jpg,2022-01-21 16:15:30,文件时间,1600,1067
8,IMG_1385.JPG,008_IMG_1385.jpg,2022-02-27 13:22:28,文件时间,1600,1600
9,IMG_1406.JPG,009_IMG_1406.jpg,2022-03-14 12:15:12,文件时间,1600,1067
10,IMG_1452.JPG,010_IMG_1452.jpg,2022-03-15 12:13:06,文件时间,1600,1067
11,IMG_1574(1).JPG,011_IMG_1574(1).jpg,2022-03-20 23:46:21,文件时间,1600,1309
12,IMG_1608.JPG,012_IMG_1608.jpg,2022-03-26 16:13:14,文件时间,1067,1600
13,IMG_1634.JPG,013_IMG_1634.jpg,2022-03-26 16:47:56,文件时间,1600,1067
14,IMG_1621(1).JPG,014_IMG_1621(1).jpg,2022-03-27 14:14:02,文件时间,1569,1600
15,IMG_1978(1)(1).JPG,015_IMG_1978(1)(1).jpg,2022-04-03 19:08:20,文件时间,1600,1499
16,IMG_1930(1).JPG,016_IMG_1930(1).jpg,2022-04-03 20:53:16,文件时间,1600,1449
17,IMG_1988(1).JPG,017_IMG_1988(1).jpg,2022-04-03 21:15:34,文件时间,1600,1067
18,IMG_2174.JPG,018_IMG_2174.jpg,2022-04-16 16:57:38,文件时间,1600,1067
19,IMG_2372.JPG,019_IMG_2372.jpg,2022-04-16 18:29:42,文件时间,1600,1067
20,Mix_20220417_210222.jpg,020_Mix_20220417_210222.jpg,2022-04-17 00:00:00,文件名,1374,1600
21,Mix_20220417_210520.jpg,021_Mix_20220417_210520.jpg,2022-04-17 00:00:00,文件名,1600,1067
22,Mix_20220417_212118.jpg,022_Mix_20220417_212118.jpg,2022-04-17 00:00:00,文件名,1600,1067
23,Mix_20220417_214938.jpg,023_Mix_20220417_214938.jpg,2022-04-17 00:00:00,文件名,1600,1191
24,IMG_2852.JPG,024_IMG_2852.jpg,2022-07-10 20:30:48,文件时间,1600,1067
25,IMG_2924(1).JPG,025_IMG_2924(1).jpg,2022-07-17 23:16:09,文件时间,1600,1067
26,Mix_20220718_111110.jpg,026_Mix_20220718_111110.jpg,2022-07-18 00:00:00,文件名,1600,1067
27,Mix_20220719_145905.jpg,027_Mix_20220719_145905.jpg,2022-07-19 00:00:00,文件名,1600,1206
28,Mix_20220719_162738.jpg,028_Mix_20220719_162738.jpg,2022-07-19 00:00:00,文件名,1600,1103
29,Mix_20220719_163442.jpg,029_Mix_20220719_163442.jpg,2022-07-19 00:00:00,文件名,1600,1067
30,Mix_20230112_100733.jpg,030_Mix_20230112_100733.jpg,2023-01-12 00:00:00,文件名,1441,1600
31,Mix_20230112_101327.jpg,031_Mix_20230112_101327.jpg,2023-01-12 00:00:00,文件名,1123,1600
32,Mix_20230112_103804.jpg,032_Mix_20230112_103804.jpg,2023-01-12 00:00:00,文件名,1600,1218
33,S30522-23372337.png,033_S30522-23372337.jpg,2023-05-22 23:37:23,文件时间,774,1600
34,Mix_20230622_235716.jpg,034_Mix_20230622_235716.jpg,2023-06-22 00:00:00,文件名,1600,1067
35,DSC00239.JPG,035_DSC00239.jpg,2023-06-22 18:13:24,文件时间,1600,1067
36,DSC00322(1).JPG,036_DSC00322(1).jpg,2023-06-22 19:40:24,文件时间,1600,1067
37,Mix_20230722_105604.jpg,037_Mix_20230722_105604.jpg,2023-07-22 00:00:00,文件名,1067,1600
38,Mix_20230722_154646.jpg,038_Mix_20230722_154646.jpg,2023-07-22 00:00:00,文件名,1600,1067
39,Mix_20230722_160623.jpg,039_Mix_20230722_160623.jpg,2023-07-22 00:00:00,文件名,1600,1112
40,Mix_20230723_223118.jpg,040_Mix_20230723_223118.jpg,2023-07-23 00:00:00,文件名,1600,1067
41,DSC01056.JPG,041_DSC01056.jpg,2023-07-23 21:04:15,文件时间,1067,1600
42,Mix_20230730_082134.jpg,042_Mix_20230730_082134.jpg,2023-07-30 00:00:00,文件名,1067,1600
43,Mix_20230730_120354.jpg,043_Mix_20230730_120354.jpg,2023-07-30 00:00:00,文件名,1600,1067
44,Mix_20230730_184200.jpg,044_Mix_20230730_184200.jpg,2023-07-30 00:00:00,文件名,1067,1600
45,Mix_20230730_190023.jpg,045_Mix_20230730_190023.jpg,2023-07-30 00:00:00,文件名,1067,1600
46,Mix_20230802_162528.jpg,046_Mix_20230802_162528.jpg,2023-08-02 00:00:00,文件名,1600,1066
47,Mix_20230802_163400.jpg,047_Mix_20230802_163400.jpg,2023-08-02 00:00:00,文件名,1067,1600
48,Mix_20230802_164120.jpg,048_Mix_20230802_164120.jpg,2023-08-02 00:00:00,文件名,1600,1067
49,Mix_20230802_171651.jpg,049_Mix_20230802_171651.jpg,2023-08-02 00:00:00,文件名,1067,1600
50,Mix_20230802_202503.jpg,050_Mix_20230802_202503.jpg,2023-08-02 00:00:00,文件名,1600,1067
51,retouch_2023083120440218.jpg,051_retouch_2023083120440218.jpg,2023-08-31 00:00:00,文件名,1600,1066
52,Mix_20231009_190631.jpg,052_Mix_20231009_190631.jpg,2023-10-09 00:00:00,文件名,1600,1066
53,Mix_20231009_195545.jpg,053_Mix_20231009_195545.jpg,2023-10-09 00:00:00,文件名,1014,1600
54,Mix_20231009_201545.jpg,054_Mix_20231009_201545.jpg,2023-10-09 00:00:00,文件名,1600,1067
55,retouch_2023100920082869.jpg,055_retouch_2023100920082869.jpg,2023-10-09 00:00:00,文件名,1600,1062
56,DSC02553.JPG,056_DSC02553.jpg,2023-10-10 22:29:17,文件时间,1600,1067
57,DSC02656.JPG,057_DSC02656.jpg,2023-10-10 22:31:21,文件时间,1600,1067
58,DSC02580.JPG,058_DSC02580.jpg,2023-10-11 16:00:31,文件时间,1600,1107
59,P31123-215856.jpg,059_P31123-215856.jpg,2023-11-23 21:58:56,文件时间,1600,1200
60,mmexport1699784594342.jpg,060_mmexport1699784594342.jpg,2023-12-07 19:24:12,文件时间,1600,1200
61,S40101-00130170_com.meizu.media.gallery(1).png,061_S40101-00130170_com.meizu.media.gallery(1).jpg,2024-01-01 00:49:11,文件时间,1600,815
62,DSC03318-DeNoiseAI-raw.jpg,062_DSC03318-DeNoiseAI-raw.jpg,2024-02-09 21:23:10,文件时间,1600,933
63,Mix_20240514_183449.jpg,063_Mix_20240514_183449.jpg,2024-05-14 00:00:00,文件名,1600,1067
64,DSC03745.JPG,064_DSC03745.jpg,2024-07-06 23:43:27,文件时间,1067,1600
65,DSC04017.JPG,065_DSC04017.jpg,2024-07-09 22:38:51,文件时间,1067,1600
66,IMG_3776(1)(2).JPG,066_IMG_3776(1)(2).jpg,2024-09-01 11:55:02,文件时间,1600,1091
67,IMG_1441(1).JPG,067_IMG_1441(1).jpg,2024-09-01 12:19:03,文件时间,1600,1067
68,mmexport1727423577635.jpg,068_mmexport1727423577635.jpg,2024-09-27 15:52:57,文件时间,1600,1200
69,retouch_2024110216284412.jpg,069_retouch_2024110216284412.jpg,2024-11-02 00:00:00,文件名,1200,1600
70,Mix_20250406_014019.jpg,070_Mix_20250406_014019.jpg,2025-04-06 00:00:00,文件名,1600,1067
71,Mix_20250406_085516.jpg,071_Mix_20250406_085516.jpg,2025-04-06 00:00:00,文件名,1080,1600
72,DSC04383.JPG,072_DSC04383.jpg,2025-04-06 00:59:17,文件时间,1600,1067
73,P20250610-170851_1.jpg,073_P20250610-170851_1.jpg,2025-06-10 00:00:00,文件名,1600,1200
74,DSC04510.JPG,074_DSC04510.jpg,2025-06-19 07:13:56,文件时间,1067,1600
75,DSC04624.JPG,075_DSC04624.jpg,2025-06-20 08:21:15,文件时间,1600,1067
76,DSC04635.JPG,076_DSC04635.jpg,2025-06-20 08:21:17,文件时间,1067,1600
77,P20250622-000559.jpg,077_P20250622-000559.jpg,2025-06-22 00:00:00,文件名,1200,1600
78,DSC04667.JPG,078_DSC04667.jpg,2025-06-22 21:04:06,文件时间,1600,1067
79,3.jpg,079_3.jpg,2025-09-28 15:49:07,文件时间,1600,1067
80,3.2.jpg,080_3.2.jpg,2025-09-28 16:02:59,文件时间,1600,1067
81,3.1.jpg,081_3.1.jpg,2025-09-28 17:03:08,文件时间,1600,1067
82,3.33.jpg,082_3.33.jpg,2025-09-28 17:20:53,文件时间,1600,1067
83,mmexport1762332415579.jpg,083_mmexport1762332415579.jpg,2025-11-05 16:46:55,文件时间,1600,1200
84,mmexport1763014345366.jpg,084_mmexport1763014345366.jpg,2025-11-13 14:12:25,文件时间,1440,1080
85,retouch_2025120620580661.jpg,085_retouch_2025120620580661.jpg,2025-12-06 00:00:00,文件名,1600,1066
86,retouch_2025120722165980.jpg,086_retouch_2025120722165980.jpg,2025-12-07 00:00:00,文件名,1600,900
87,DSC06026.JPG,087_DSC06026.jpg,2025-12-07 20:57:13,文件时间,1600,1067
88,DSC06024.JPG,088_DSC06024.jpg,2025-12-07 20:57:14,文件时间,1067,1600
89,P20260101-231200.jpg,089_P20260101-231200.jpg,2026-01-01 00:00:00,文件名,1600,1200
90,DSC06201.JPG,090_DSC06201.jpg,2026-02-05 13:54:21,文件时间,1600,1067
91,retouch_2026040517571098.jpg,091_retouch_2026040517571098.jpg,2026-04-05 00:00:00,文件名,900,1600
92,mmexport1775380333876.jpg,092_mmexport1775380333876.jpg,2026-04-05 17:12:14,文件时间,1600,1200
93,mmexport1775479625267.jpg,093_mmexport1775479625267.jpg,2026-04-06 20:47:05,文件时间,1600,900
94,Mix_20260408_194136.jpg,094_Mix_20260408_194136.jpg,2026-04-08 00:00:00,文件名,1067,1600
95,Mix_20260408_200010.jpg,095_Mix_20260408_200010.jpg,2026-04-08 00:00:00,文件名,1600,1067
96,S60409-00073454_com.meizu.media.gallery(1).png,096_S60409-00073454_com.meizu.media.gallery(1).jpg,2026-04-09 00:07:35,文件时间,1600,904
97,mmexport1775665703236.jpg,097_mmexport1775665703236.jpg,2026-04-09 00:28:23,文件时间,1600,900
98,DSC06342.JPG,098_DSC06342.jpg,2026-04-12 09:47:56,文件时间,1067,1600
99,mmexport1779370186935.jpg,099_mmexport1779370186935.jpg,2026-05-21 21:29:47,文件时间,1600,900
100,IMG_20260626_131019.jpg,100_IMG_20260626_131019.jpg,2026-06-26 13:10:19,EXIF,1600,1205
101,IMG_20260626_152030.jpg,101_IMG_20260626_152030.jpg,2026-06-26 15:20:30,EXIF,1600,1200
102,IMG_20260627_191851.jpg,102_IMG_20260627_191851.jpg,2026-06-27 19:18:51,EXIF,1600,1205
103,IMG_20260628_134540.jpg,103_IMG_20260628_134540.jpg,2026-06-28 13:45:40,EXIF,1600,1200
104,IMG_20260628_202949.jpg,104_IMG_20260628_202949.jpg,2026-06-28 20:29:49,EXIF,1600,1205
105,IMG_20260629_180928.jpg,105_IMG_20260629_180928.jpg,2026-06-29 18:09:28,EXIF,1600,1205
106,IMG_20260630_161334.jpg,106_IMG_20260630_161334.jpg,2026-06-30 16:13:34,EXIF,1600,1200
107,IMG_20260701_190351.jpg,107_IMG_20260701_190351.jpg,2026-07-01 19:03:51,EXIF,1200,1600
108,IMG_5480.HEIC,108_IMG_5480.jpg,2026-07-01 19:20:37,EXIF,1600,1200
109,IMG_20260707_191045.jpg,109_IMG_20260707_191045.jpg,2026-07-07 19:10:45,EXIF,1600,1205
110,IMG_20260729_141528.jpg,110_IMG_20260729_141528.jpg,2026-07-29 14:15:28,EXIF,1600,900
111,MEITU_20260731_123652611.jpg,111_MEITU_20260731_123652611.jpg,2026-07-31 12:36:52,EXIF,1600,900
112,MEITU_20260802_193231142.jpg,112_MEITU_20260802_193231142.jpg,2026-08-02 19:32:31,EXIF,1600,1206
113,IMG_20260814_120914.jpg,113_IMG_20260814_120914.jpg,2026-08-14 11:37:29,EXIF,1600,1600
